Albert Einstein	albert einstein; alberta einsteina; albertu einsteinu; albertu einsteinovi; albertovi einsteinu; albertovi einsteinovi; albertem einsteinem
Alois Negrelli	alois negrelli; aloisa negrelliho; aloise negrelliho; aloisi negrellimu; aloisu negrellimu; aloisovi negrellimu; aloisi negrellim; aloisu negrellim; aloisovi negrellim; aloisem negrellim
Anton Bruckner	anton bruckner; antona brucknera; antonu bruckneru; antonu brucknerovi; antonovi bruckneru; antonovi brucknerovi; antonem brucknerem
Antonín Dvořák	antonín dvořák; antonína dvořáka; antonínu dvořáku; antonínu dvořákovi; antonínovi dvořáku; antonínovi dvořákovi; antonínem dvořákem
Antonín Slavíček	antonín slavíček; antonína slavíčka; antonínu slavíčku; antonínu slavíčkovi; antonínovi slavíčku; antonínovi slavíčkovi; antonínem slavíčkem
Avala	avala
Beskyd	beskyd
Bezdrev	bezdrev; bezdreva; bezdrevu; bezdrevě; bezdrevem
Bečva	bečva; bečvy; bečvě; bečvu; bečvou
Blaník	blaník; blaníka; blaníku; blaníce; blaníkem
Blockheide	blockheide
Bobrava	bobrava; bobravy; bobravě; bobravu; bobravou
Bouzov	bouzov; bouzova; bouzovu; bouzově; bouzovem
Brněnský drak	brněnský drak; brněnskýho draka; brněnského draka; brněnskýmu draku; brněnskýmu drakovi; brněnskému draku; brněnskému drakovi; brněnskym draku; brněnskym drakovi; brněnským draku; brněnským drakovi; brněnském draku; brněnském drakovi; brněnskym drakem; brněnským drakem
Buchlov	buchlov; buchlova; buchlovu; buchlově; buchlovem
Bílina	bílina; bíliny; bílině; bílinu; bílinou
Canopus	canopus; canopu; canopem
Carl Maria von Weber	carl maria von weber; carla maria von webra; carla maria von webera; carlu maria von webru; carlu maria von weberu; carlu maria von webrovi; carlu maria von weberovi; carlovi maria von webru; carlovi maria von weberu; carlovi maria von webrovi; carlovi maria von weberovi; carlem maria von webrem; carlem maria von weberem
Chomutovka	chomutovka; chomutovky; chomutovce; chomutovku; chomutovkou
Chopin	chopin; chopina; chopinu; chopinovi; chopinem
Choustník	choustník; choustníka; choustníku; choustníkem
Chrudimka	chrudimka; chrudimky; chrudimce; chrudimku; chrudimkou
Cidlina	cidlina; cidliny; cidlině; cidlinu; cidlinou
Cimburk	cimburk; cimburka; cimburku; cimburkem
Comenius	comenius; comenia; comeniu; comeniem
Czarna Góra	czarna góra; czarna góry; czarna góře; czarna góru; czarna górou
Detvan	detvan; detvanu; detvanem
Donau Moldau	donau moldau
Doubrava	doubrava; doubravy; doubravě; doubravu; doubravou
Dřevnice	dřevnice; dřevnicí; dřevnici; dřevnicím; dřevnicích; dřevnicema; dřevnicemi
EVN Energiesparen	evn energiesparen
Excelsior	excelsior; excelsioru; excelsiorem
F.A.Gerstner	f a gerstner; f a gerstnera; f a gerstneru; f a gerstnerovi; f a gerstnerem
Fatra	fatra; fatry; fatře; fatru; fatrou
Ferdinand Kindermann	ferdinand kindermann; ferdinanda kindermanna; ferdinandu kindermannu; ferdinandu kindermannovi; ferdinandovi kindermannu; ferdinandovi kindermannovi; ferdinandem kindermannem
František Křižík	františek křižík; františka křižíka; františku křižíku; františku křižíkovi; františkovi křižíku; františkovi křižíkovi; františkem křižíkem
Franz Kafka	franz kafka; franze kafky; franzi kafkovi; franzu kafkovi; franzovi kafkovi; franze kafku; franzem kafkou
Franz Schubert	franz schubert; franze schuberta; franzi schubertu; franzi schubertovi; franzu schubertu; franzu schubertovi; franzovi schubertu; franzovi schubertovi; franzem schubertem
Galán	galán; galána; galánu; galánovi; galánem
Glacensis	glacensis
Gustav Klimt	gustav klimt; gustava klimta; gustavu klimtu; gustavu klimtovi; gustavovi klimtu; gustavovi klimtovi; gustavem klimtem
Gustav Mahler	gustav mahler; gustava mahlera; gustavu mahleru; gustavu mahlerovi; gustavovi mahleru; gustavovi mahlerovi; gustavem mahlerem
Hedeč	hedeč; hedeče; hedeči; hedečí
Hejtman	hejtman; hejtmana; hejtmanu; hejtmanovi; hejtmanem
Helfštýn	helfštýn; helfštýna; helfštýnu; helfštýně; helfštýnem
Hradišťan	hradišťan; hradišťanu; hradišťanem
Hradčany	hradčany; hradčan; hradčanám; hradčanách; hradčanama; hradčanami
Hruškovice	hruškovice; hruškovic; hruškovicí; hruškovici; hruškovicím; hruškovicích; hruškovicema; hruškovicemi
Hukvaldy	hukvaldy; hukvald; hukvaldum; hukvaldům; hukvaldech; hukvaldách; hukvaldama
Hungaria	hungaria
Hutník	hutník; hutníka; hutníku; hutníkovi; hutníkem
Jakub Krčín	jakub krčín; jakuba krčína; jakubu krčínu; jakubu krčínovi; jakubovi krčínu; jakubovi krčínovi; jakubem krčínem
Jan Hus	jan hus; jana husa; janu husu; janu husovi; janovi husu; janovi husovi; janem husem
Jan Jesenius	jan jesenius; jana jesenia; janu jeseniu; janu jeseniovi; janovi jeseniu; janovi jeseniovi; janem jeseniem
Jan Kašpar	jan kašpar; jana kašpara; janu kašparu; janu kašparovi; janovi kašparu; janovi kašparovi; janem kašparem
Jan Perner	jan perner; jana pernera; janu perneru; janu pernerovi; janovi perneru; janovi pernerovi; janem pernerem
Jan Žižka	jan žižka; jana žižky; janu žižkovi; janovi žižkovi; jana žižku; janem žižkou
Jaroslav Hašek	jaroslav hašek; jaroslava haška; jaroslavu hašku; jaroslavu haškovi; jaroslavovi hašku; jaroslavovi haškovi; jaroslavem haškem
Javorka	javorka; javorky; javorce; javorku; javorkou
Javořina	javořina; javořiny; javořině; javořinu; javořinou
Jevišovka	jevišovka; jevišovky; jevišovce; jevišovku; jev
Jihlava	jihlava; jihlavy; jihlavě; jihlavu; jihlavou
Jizera	jizera; jizery; jizeře; jizeru; jizerou
Johann Gregor Mendel	johann gregor mendel; johanna gregora mendela; johannu gregoru mendelu; johannu gregoru mendelovi; johannu gregorovi mendelu; johannu gregorovi mendelovi; johannovi gregoru mendelu; johannovi gregoru mendelovi; johannovi gregorovi mendelu; johannovi gregorovi mendelovi; johannem gregorem mendelem
Johannes Brahms	johannes brahms; johanna brahmse; johannese brahmse; johannu brahmsi; johannu brahmsovi; johannesi brahmsi; johannesi brahmsovi; johannovi brahmsi; johannovi brahmsovi; johannesovi brahmsi; johannesovi brahmsovi; johannem brahmsem; johannesem brahmsem
Jordán	jordán; jordánu; jordáně; jordánem
Josef Ressel	josef ressel; josefa ressela; josefu resselu; josefu resselovi; josefovi resselu; josefovi resselovi; josefem resselem
Josef Skupa	josef skupa; josefa skupy; josefu skupovi; josefovi skupovi; josefa skupu; josefem skupou
Josef Václav Myslbek	josef václav myslbek; josefa václava myslbeka; josefu václavu myslbeku; josefu václavu myslbekovi; josefu václavovi myslbeku; josefu václavovi myslbekovi; josefovi václavu myslbeku; josefovi václavu myslbekovi; josefovi václavovi myslbeku; josefovi václavovi myslbekovi; josefem václavem myslbekem
Junák	junák; junáka; junáku; junákovi; junákem
Karel Havlíček Borovský	karel havlíček borovský; karla havlíčka borovskýho; karla havlíčka borovského; karlu havlíčku borovskýmu; karlu havlíčku borovskému; karlu havlíčkovi borovskýmu; karlu havlíčkovi borovskému; karlovi havlíčku borovskýmu; karlovi havlíčku borovskému; karlovi havlíčkovi borovskýmu; karlovi havlíčkovi borovskému; karlu havlíčku borovskym; karlu havlíčku borovským; karlu havlíčku borovském; karlu havlíčkovi borovskym; karlu havlíčkovi borovským; karlu havlíčkovi borovském; karlovi havlíčku borovskym; karlovi havlíčku borovským; karlovi havlíčku borovském; karlovi havlíčkovi borovskym; karlovi havlíčkovi borovským; karlovi havlíčkovi borovském; karlem havlíčkem borovskym; karlem havlíčkem borovským
Karel Klostermann	karel klostermann; karla klostermanna; karlu klostermannu; karlu klostermannovi; karlovi klostermannu; karlovi klostermannovi; karlem klostermannem
Karel Čapek	karel čapek; karla čapka; karlu čapku; karlu čapkovi; karlovi čapku; karlovi čapkovi; karlem čapkem
Karlex	karlex; karlexu; karlexem
Klokoty	klokoty; klokot; klokotum; klokotům; klokotech; klokotách; klokotama
Kokořínsko	kokořínsko; kokořínska; kokořínsku; kokořínskem
Konopiště	konopiště; konopišti; konopištěm
Kotnov	kotnov; kotnova; kotnovu; kotnově; kotnovem
Kozlov	kozlov; kozlova; kozlovu; kozlovovi; kozlovem
Košičan	košičan; košičana; košičanu; košičanovi; košičanem
Krakonoš	krakonoš; krakonoše; krakonoši; krakonošovi; krakonošem
Krušnohor	krušnohor; krušnohoru; krušnohorem
Kunětická hora	kunětická hora; kunětický hory; kunětické hory; kunětický hoře; kunětické hoře; kunětickou horu; kunětickou horou
Kyjovka	kyjovka; kyjovky; kyjovce; kyjovku; kyjovkou
Kysuca	kysuca; kysuce; kysuci; kysucu; kysucou; kysucí
Kyšperk	kyšperk; kyšperka; kyšperku; kyšperce; kyšperkem
Křížová hora	křížová hora; křížové hory; křížový hory; křížové hoře; křížový hoře; křížovou horu; křížovou horou
Labe	labe; labi; l; lab
Lainsitz	lainsitz
Landek	landek; landeka; landeku; landekem
Leoš Janáček	leoš janáček; leoše janáčka; leoši janáčku; leoši janáčkovi; leošovi janáčku; leošovi janáčkovi; leošem janáčkem
Ležáky	ležáky; ležáků; ležákum; ležákům; ležákech; ležákách; ležákama
Litava	litava; litavy; litavě; litavu; litavou
Loutkař	loutkař; loutkaře; loutkaři; loutkařovi; loutkařem
Lužnice	lužnice; lužnic; lužnicí; lužnici; lužnicím; lužnicích; luž
Macocha	macocha; macochy; macoše; macochu; macochou
Malše	malše; malši; malší
Matalík	matalík; matalíka; matalíku; matalíkovi; matalíkem
Matthias Braun	matthias braun; matthiase brauna; matthiasi braunu; matthiasi braunovi; matthiasovi braunu; matthiasovi braunovi; matthiasem braunem
Matthias Schönerer	matthias schönerer; matthiase schönerer; matthiasi schönerer; matthiasovi schönerer; matthiasem schönerer
Metoděj Vlach	metoděj vlach; metoděje vlacha; metoději vlachu; metoději vlachovi; metodějovi vlachu; metodějovi vlachovi; metodějem vlachem
Metropol	metropol; metropolu; metropolem
Metuje	metuje; metuji; met
Milešovka	milešovka; milešovky; milešovce; milešovku; milešovkou
Nežárka	nežárka; nežárky; nežárce; nežárku; nežárkou
Nysa	nysa; nysy; nyse; nysu; nysou
Odra	odra; odry; odře; odru; odrou
Ohrada	ohrada; ohrady; ohradě; ohradu; ohradou
Ohře	ohře; ohři; ohří
Olšava	olšava; olšavy; olšavě; olšavu; olšavou
Orlice	orlice; orlic; orlicí; orlici; orlicím; orlicích; orlicema; orlicemi
Ostravan	ostravan; ostravana; ostravanu; ostravanovi; ostravanem
Pancíř	pancíř; pancíře; pancíři; pancířem
Peklák	peklák; pekláku; peklákem
Pernštejn	pernštejn; pernštejna; pernštejnu; pernštejně; pernštejnem
Petr Vok	petr vok; petra voka; petru voku; petru vokovi; petrovi voku; petrovi vokovi; petrem vokem
Petrov	petrov; petrova; petrovu; petrově; petrovem
Phoenix	phoenix; phoenixu; phoenixem
Polonia	polonia; polonií; polonium; poloniím; poloniích; polonii; poloniama
Portáš	portáš; portáše; portáši; portášem
Praděd	praděd; pradědu; pradědem
Praha	praha; prahy; praze; prahu; prahou
Punkva	punkva; punkvy; punkvě; punkvu; punkvou
Radegast	radegast; radegastu; radegastem
Radhošť	radhošť; radhoště; radhošti; radh
Radobýl	radobýl; radobýlu; radobýlem
Radyně	radyně; radyni; radyní
Rokytka	rokytka; rokytky; rokytce; rokytku; rokytkou
Rokytná	rokytná; rokytné; rokytný; rokytnou
Rotes Kreuz NÖ	rotes kreuz nö; rotes kreuze nö; rotes kreuzi nö; rotes kreuzovi nö; rotes kreuzem nö
Rozkoš	rozkoš; rozkoše; rozkoši; rozkoší
Rožmberk	rožmberk; rožmberku; rožmberkem
Rudolf Těsnohlídek	rudolf těsnohlídek; rudolfa těsnohlídka; rudolfu těsnohlídku; rudolfu těsnohlídkovi; rudolfovi těsnohlídku; rudolfovi těsnohlídkovi; rudolfem těsnohlídkem
Salubia	salubia
Santon	santon; santonu; santonem
Schmidatal	schmidatal
Silesia	silesia; silesie; silesii; silesií
Slavkov	slavkov; slavkova; slavkovu; slavkově; slavkovem
Sloupečník	sloupečník
Slovakia	slovakia
Slovan	slovan; slovanu; slovanem
Slovenská strela	slovenská strela; slovenský strela; slovenské strela; slovenskou strela
Smetana	smetana; smetany; smetaně; smetanu; smetanou
Sněžka	sněžka; sněžky; sněžce; sněžku; sněžkou
Sněžník	sněžník; sněžníka; sněžníku; sněžníce; sněžníkem
Sobieski	sobieski; sobieskýho; sobieského; sobieskýmu; sobieskému; sobieskym; sobieským; sobieském
Střekov	střekov; střekova; střekovu; střekově; střekovem
Svatava	svatava; svatavy; svatavě; svatavu; svatavou
Svitava	svitava; svitavy; svitavě; svitavu; svitavou
Svojanov	svojanov; svojanova; svojanovu; svojanově; svojanovem
Svět	svět; světa; světu; světě; světem
Točník	točník; točníka; točníku; točníce; točníkem
Třebovka	třebovka; třebovky; třebovce; třebovku; třebovkou
Vajgar	vajgar; vajgaru; vajgarem
Varsovia	varsovia
Velehrad	velehrad; velehradu; velehradě; velehradem
Viktor Kaplan	viktor kaplan; viktora kaplana; viktoru kaplanu; viktoru kaplanovi; viktorovi kaplanu; viktorovi kaplanovi; viktorem kaplanem
Vindobona	vindobona; vindobony; vindoboně; vindobonu; vindobonou
Vltava	vltava; vltavy; vltavě; vltavu; vltavou
Vltava Dunaj	vltava dunaj; vltavy dunaje; vltavě dunaji; vltavu dunaj; vltavou dunajem
Vlára	vlára; vláry; vláře; vláru; vlárou
Vojtěch Lanna	vojtěch lanna; vojtěcha lanny; vojtěchu lannovi; vojtěchovi lannovi; vojtěcha lannu; vojtěchem lannou
Vsacan	vsacan; vsacanu; vsacanem
Vysočina	vysočina; vysočiny; vysočině; vysočinu; vysočinou
Větruše	větruše; větruši; větruší
Waldviertel-Kurier	waldviertel kurier; waldviertelu kurier; waldviertelem kurier
Zdeněk Fibich	zdeněk fibich; zdeňka fibicha; zdeňku fibichu; zdeňku fibichovi; zdeňkovi fibichu; zdeňkovi fibichovi; zdeňkem fibichem
Zemská brána	zemská brána; zemské brány; zemský brány; zemské bráně; zemský bráně; zemskou bránu; zemskou branou; zemskou bránou
Zlínský Expres	zlínský expres; zlínskýho expresu; zlínského expresu; zlínskýmu expresu; zlínskému expresu; zlínskej expres; zlínskym exprese; zlínskym expresu; zlínským exprese; zlínským expresu; zlínském exprese; zlínském expresu; zlínskym expresem; zlínským expresem
Úpa	úpa; úpy; úpě; úpu; úpou
Říp	říp; řípu; řípem
Šembera	šembera; šembery; šemberovi; šemberu; šemberou
Šohaj	šohaj; šohaje; šohaji; šohajovi; šohajem
Špilberk	špilberk; špilberka; špilberku; špilberkem
Špičák	špičák; špičáku; špičákem
Švihov	švihov; švihova; švihovu; švihově; švihovem
Šírava	šírava; šíravy; šíravě; šíravu; šíravou
Žuráň	žuráň; žuráně; žuráňovi; žuráněm
